timestamp,bvp,eda,temp,PPG GREEN
1669796246.234375,7.29,0.23057,32.07,2371063.0
1669796246.25,6.36,0.231851,32.07,2370323.0
1669796246.265625,5.49,0.236975,32.07,2371832.0
1669796246.28125,4.63,0.236975,32.07,2376115.0
1669796246.296875,3.71,0.235694,32.05,2381754.0
1669796246.3125,2.73,0.233132,32.05,2388677.0
1669796246.328125,1.69,0.233132,32.05,2389307.0
1669796246.34375,0.65,0.235694,32.05,2394231.0
1669796246.359375,-0.34,0.238256,32.05,2398089.0
1669796246.375,-1.27,0.238256,32.05,2401502.0
1669796246.390625,-2.11,0.245941,32.05,2404142.0
1669796246.40625,-2.89,0.234413,32.05,2406564.0
1669796246.421875,-3.55,0.235694,32.05,2408122.0
1669796246.4375,-4.05,0.239537,32.05,2410391.0
1669796246.453125,-4.32,0.239537,32.05,2412631.0
1669796246.46875,-4.28,0.239537,32.05,2413329.0
1669796246.484375,-3.9,0.236975,32.03,2414563.0
1669796246.5,-3.24,0.239537,32.03,2414545.0
1669796246.515625,-2.45,0.240818,32.03,2413251.0
1669796246.53125,-1.7,0.242099,32.03,2409181.0
1669796246.546875,-1.15,0.238256,32.03,2404785.0
1669796246.5625,-0.88,0.238256,32.03,2402427.0
1669796246.578125,-0.86,0.239537,32.03,2397999.0
1669796246.59375,-1.0,0.242099,32.03,2399930.0
1669796246.609375,-1.21,0.24338,32.0,2396295.0
1669796246.625,-1.41,0.239537,32.0,2394582.0
1669796246.640625,-1.63,0.239537,32.0,2393235.0
1669796246.65625,-1.88,0.239537,32.0,2390957.0
1669796246.671875,-2.13,0.247222,32.03,2389769.0
1669796246.6875,-2.29,0.251065,32.03,2389508.0
1669796246.703125,-2.26,0.244661,32.03,2391506.0
1669796246.71875,-1.95,0.24338,32.03,2393456.0
1669796246.734375,-1.43,0.24338,32.0,2393411.0
1669796246.75,-0.89,0.244661,32.0,2391708.0
1669796246.765625,-0.57,0.244661,32.0,2390906.0
1669796246.78125,-0.61,0.242099,32.0,2389731.0
1669796246.796875,-0.96,0.239537,31.99,2387977.0
1669796246.8125,-1.28,0.240818,31.99,2386944.0
1669796246.828125,-1.17,0.242099,31.99,2385686.0
1669796246.84375,-0.35,0.24338,31.99,2384506.0
1669796246.859375,1.2,0.242099,31.95,2383437.0
1669796246.875,3.19,0.239537,31.95,2382303.0
1669796246.890625,5.08,0.242099,31.95,2381660.0
1669796246.90625,6.46,0.24338,31.95,2380953.0
1669796246.921875,7.09,0.24338,31.97,2380715.0
1669796246.9375,7.0,0.240818,31.97,2376911.0
1669796246.953125,6.31,0.239537,31.97,2368044.0
1669796246.96875,5.11,0.244661,31.97,2364234.0
1669796246.984375,3.37,0.244661,31.97,2360666.0
1669796247.0,1.0,0.24338,31.97,2372834.0
1669796247.015625,-1.95,0.240818,31.97,2356855.0
1669796247.03125,-5.2,0.240818,31.97,2353561.0
1669796247.046875,-8.23,0.24338,31.97,2355355.0
1669796247.0625,-10.49,0.244661,31.97,2351707.0
1669796247.078125,-11.6,0.245941,31.97,2349894.0
1669796247.09375,-11.45,0.24338,31.97,2347209.0
1669796247.109375,-10.24,0.242099,31.97,2346256.0
1669796247.125,-8.28,0.242099,31.97,2348062.0
1669796247.140625,-5.78,0.244661,31.97,2346228.0
1669796247.15625,-2.84,0.245941,31.97,2346260.0
1669796247.171875,0.61,0.24338,31.95,2346021.0
1669796247.1875,4.65,0.24338,31.95,2345337.0
1669796247.203125,9.25,0.245941,31.95,2344515.0
1669796247.21875,14.29,0.247222,31.95,2343387.0
1669796247.234375,19.58,0.245941,31.95,2342563.0
1669796247.25,24.91,0.244661,31.95,2341582.0
1669796247.265625,30.12,0.245941,31.95,2341232.0
1669796247.28125,35.17,0.248503,31.95,2340664.0
1669796247.296875,40.05,0.248503,31.97,2340581.0
1669796247.3125,44.66,0.248503,31.97,2341155.0
1669796247.328125,48.84,0.244661,31.97,2341032.0
1669796247.34375,52.37,0.244661,31.97,2337031.0
1669796247.359375,55.01,0.248503,31.97,2331745.0
1669796247.375,56.54,0.249784,31.97,2327032.0
1669796247.390625,56.77,0.248503,31.97,2323338.0
1669796247.40625,55.41,0.247222,31.97,2341171.0
1669796247.421875,52.1,0.245941,31.97,2340679.0
1669796247.4375,46.47,0.248503,31.97,2320355.0
1669796247.453125,38.37,0.251065,31.97,2318103.0
1669796247.46875,28.11,0.251065,31.97,2316320.0
1669796247.484375,16.6,0.247222,31.97,2314033.0
1669796247.5,5.23,0.247222,31.97,2315436.0
1669796247.515625,-4.45,0.249784,31.97,2311943.0
1669796247.53125,-11.25,0.249784,31.97,2307178.0
1669796247.546875,-14.63,0.251065,31.99,2309171.0
1669796247.5625,-14.8,0.247222,31.99,2305035.0
1669796247.578125,-12.62,0.248503,31.99,2303016.0
1669796247.59375,-9.26,0.252346,31.99,2301142.0
1669796247.609375,-6.02,0.249784,31.99,2299937.0
1669796247.625,-4.0,0.251065,31.99,2298305.0
1669796247.640625,-3.98,0.248503,31.99,2296662.0
1669796247.65625,-6.15,0.249784,31.99,2295269.0
1669796247.671875,-10.14,0.251065,31.97,2293963.0
1669796247.6875,-15.09,0.251065,31.97,2293304.0
1669796247.703125,-19.91,0.252346,31.97,2291814.0
1669796247.71875,-23.67,0.248503,31.97,2291374.0
1669796247.734375,-25.91,0.248503,32.0,2290406.0
1669796247.75,-26.69,0.251065,32.0,2290351.0
1669796247.765625,-26.4,0.252346,32.0,2290090.0
1669796247.78125,-25.57,0.251065,32.0,2289535.0
1669796247.796875,-24.53,0.249784,32.0,2289672.0
1669796247.8125,-23.41,0.249784,32.0,2288596.0
1669796247.828125,-22.11,0.252346,32.0,2284470.0
1669796247.84375,-20.56,0.254908,32.0,2279202.0
1669796247.859375,-18.8,0.253627,32.0,2274266.0
1669796247.875,-17.02,0.251065,32.0,2270818.0
1669796247.890625,-15.44,0.252346,32.0,2267984.0
1669796247.90625,-14.23,0.253627,32.0,2261954.0
1669796247.921875,-13.39,0.256189,31.99,2257484.0
1669796247.9375,-12.8,0.254908,31.99,2255198.0
1669796247.953125,-12.24,0.252346,31.99,2252664.0
1669796247.96875,-11.57,0.252346,31.99,2259687.0
1669796247.984375,-10.79,0.254908,32.0,2264364.0
1669796248.0,-10.0,0.256189,32.0,2249041.0
1669796248.015625,-9.37,0.25747,32.0,2250728.0
1669796248.03125,-8.97,0.253627,32.0,2247676.0
1669796248.046875,-8.78,0.254908,32.03,2246110.0
1669796248.0625,-8.64,0.253627,32.03,2245163.0
1669796248.078125,-8.39,0.254908,32.03,2244067.0
1669796248.09375,-7.91,0.252346,32.03,2243461.0
1669796248.109375,-7.24,0.252346,32.03,2242638.0
1669796248.125,-6.49,0.252346,32.03,2241773.0
1669796248.140625,-5.77,0.25747,32.03,2241815.0
1669796248.15625,-5.11,0.25747,32.03,2240864.0
1669796248.171875,-4.42,0.256189,32.03,2240783.0
1669796248.1875,-3.54,0.253627,32.03,2240543.0
1669796248.203125,-2.33,0.25747,32.03,2240472.0
1669796248.21875,-0.82,0.258751,32.03,2239023.0
1669796248.234375,0.8,0.25747,32.0,2234246.0
1669796248.25,2.21,0.254908,32.0,2229661.0
1669796248.265625,3.04,,,2225792.0
1669796248.28125,3.03,,,2222576.0
1669796248.296875,2.15,,,2219844.0
1669796248.3125,0.62,,,2217638.0
1669796248.328125,-1.13,,,2215441.0
1669796248.34375,-2.66,,,2214011.0
1669796248.359375,-3.63,,,2212536.0
1669796248.375,-3.93,,,2210836.0
1669796248.390625,-3.65,,,2209219.0
1669796248.40625,-3.05,,,2207915.0
1669796248.421875,-2.38,,,2207569.0
1669796248.4375,-1.79,,,2206881.0
1669796248.453125,-1.27,,,2206482.0
1669796248.46875,-0.78,,,2206813.0
1669796248.484375,-0.28,,,2207149.0
1669796248.5,0.18,,,2207986.0
1669796248.515625,0.49,,,2210193.0
1669796248.53125,0.55,,,2213451.0
1669796248.546875,0.34,,,2215004.0
1669796248.5625,-0.01,,,2216451.0
1669796248.578125,-0.41,,,2217540.0
1669796248.59375,-0.78,,,2215590.0
1669796248.609375,-1.12,,,2214384.0
1669796248.625,-1.5,,,2213329.0
1669796248.640625,-1.94,,,2213108.0
1669796248.65625,-2.44,,,2209415.0
1669796248.671875,-2.88,,,2202817.0
1669796248.6875,-3.21,,,2201175.0
1669796248.703125,-3.35,,,2204002.0
1669796248.71875,-3.26,,,2218549.0
1669796248.734375,-2.94,,,2230587.0
1669796248.75,-2.34,,,2237274.0
1669796248.765625,-1.42,,,2239494.0
1669796248.78125,-0.18,,,2242554.0
1669796248.796875,1.26,,,2248154.0
1669796248.8125,2.69,,,2256271.0
1669796248.828125,3.91,,,2264664.0
1669796248.84375,4.75,,,2273681.0
1669796248.859375,5.22,,,2276842.0
1669796248.875,5.38,,,2270316.0
1669796248.890625,5.38,,,2272159.0
1669796248.90625,5.31,,,2264774.0
1669796248.921875,5.21,,,2262060.0
1669796248.9375,5.08,,,2258156.0
1669796248.953125,4.92,,,2255113.0
1669796248.96875,4.74,,,2246728.0
1669796248.984375,4.59,,,2243480.0
1669796249.0,4.52,,,2231344.0
1669796249.015625,4.52,,,2234561.0
1669796249.03125,4.56,,,2225390.0
1669796249.046875,4.55,,,2218184.0
1669796249.0625,4.45,,,2217022.0
1669796249.078125,4.25,,,2211315.0
1669796249.09375,3.98,,,2202997.0
1669796249.109375,3.69,,,2192505.0
1669796249.125,3.42,,,2197188.0
1669796249.140625,3.14,,,2191712.0
1669796249.15625,2.82,,,2185689.0
1669796249.171875,2.48,,,2181423.0
1669796249.1875,2.16,,,2175825.0
1669796249.203125,1.95,,,2169980.0
1669796249.21875,1.93,,,2166570.0
1669796249.234375,2.12,,,2162732.0
1669796249.25,2.46,,,2162085.0
1669796249.265625,2.85,,,2167473.0
1669796249.28125,3.16,,,2162182.0
1669796249.296875,3.36,,,2157904.0
1669796249.3125,3.39,,,2153177.0
1669796249.328125,3.24,,,2146930.0
1669796249.34375,2.9,,,2136114.0
1669796249.359375,2.36,,,2128250.0
1669796249.375,1.73,,,2123426.0
1669796249.390625,1.11,,,2117626.0
1669796249.40625,0.64,,,2114100.0
1669796249.421875,0.37,,,2111562.0
1669796249.4375,0.27,,,2108273.0
1669796249.453125,0.22,,,2105521.0
1669796249.46875,0.13,,,2104217.0
1669796249.484375,-0.01,,,2102513.0
1669796249.5,-0.17,,,2100129.0
1669796249.515625,-0.27,,,2098786.0
1669796249.53125,-0.28,,,2095628.0
1669796249.546875,-0.23,,,2090679.0
1669796249.5625,-0.17,,,2082291.0
1669796249.578125,-0.08,,,2073630.0
1669796249.59375,0.11,,,2065689.0
1669796249.609375,0.49,,,2058905.0
1669796249.625,1.08,,,2051906.0
1669796249.640625,1.76,,,2045647.0
1669796249.65625,2.39,,,2039458.0
1669796249.671875,2.8,,,2033420.0
1669796249.6875,2.96,,,2026720.0
1669796249.703125,2.9,,,2020433.0
1669796249.71875,2.73,,,2014789.0
1669796249.734375,2.54,,,2009816.0
1669796249.75,2.31,,,2005110.0
1669796249.765625,2.0,,,2001057.0
1669796249.78125,1.55,,,1997236.0
1669796249.796875,1.05,,,1993407.0
1669796249.8125,0.61,,,1990359.0
1669796249.828125,0.42,,,1987430.0
1669796249.84375,0.56,,,1984659.0
1669796249.859375,1.05,,,1982161.0
1669796249.875,1.73,,,1979859.0
1669796249.890625,2.44,,,1977540.0
1669796249.90625,3.03,,,1975399.0
1669796249.921875,3.37,,,1973400.0
1669796249.9375,3.41,,,1971814.0
1669796249.953125,3.13,,,1970823.0
1669796249.96875,2.56,,,1969848.0
1669796249.984375,1.75,,,1968610.0
1669796250.0,0.79,,,1964111.0
1669796250.015625,-0.17,,,1956569.0
1669796250.03125,-0.95,,,1949553.0
1669796250.046875,-1.42,,,1944222.0
1669796250.0625,-1.57,,,1940104.0
1669796250.078125,-1.47,,,1936621.0
1669796250.09375,-1.31,,,1933437.0
1669796250.109375,-1.2,,,1930288.0
1669796250.125,-1.15,,,1926696.0
1669796250.140625,-1.07,,,1922496.0
1669796250.15625,-0.8,,,1919094.0
1669796250.171875,-0.28,,,1916037.0
1669796250.1875,0.42,,,1913425.0
1669796250.203125,1.11,,,1911449.0
1669796250.21875,1.61,,,1909483.0
1669796250.234375,1.83,,,1907897.0
1669796250.25,1.86,,,1906426.0
1669796250.265625,1.85,,,1905401.0
1669796250.28125,1.94,,,1904272.0
1669796250.296875,2.16,,,1903241.0
1669796250.3125,2.45,,,1902334.0
1669796250.328125,2.79,,,1901425.0
1669796250.34375,3.22,,,1900563.0
1669796250.359375,3.81,,,1900434.0
1669796250.375,4.58,,,1900423.0
1669796250.390625,5.35,,,1899385.0
1669796250.40625,5.82,,,1894027.0
1669796250.421875,5.7,,,1886883.0
1669796250.4375,4.91,,,1880199.0
1669796250.453125,3.6,,,1875187.0
1669796250.46875,2.16,,,1870962.0
1669796250.484375,0.99,,,1866754.0
1669796250.5,0.33,,,1863873.0
1669796250.515625,0.14,,,1861118.0
1669796250.53125,0.22,,,1858874.0
1669796250.546875,0.28,,,1856556.0
1669796250.5625,0.17,,,1854142.0
1669796250.578125,-0.17,,,1852526.0
1669796250.59375,-0.62,,,1851520.0
1669796250.609375,-1.04,,,1850896.0
1669796250.625,-1.34,,,1850417.0
1669796250.640625,-1.46,,,1850684.0
1669796250.65625,-1.38,,,1850241.0
1669796250.671875,-1.17,,,1845610.0
1669796250.6875,-0.86,,,1837922.0
1669796250.703125,-0.52,,,1835648.0
1669796250.71875,-0.2,,,1835260.0
1669796250.734375,0.06,,,1835641.0
1669796250.75,0.31,,,1838458.0
1669796250.765625,0.57,,,1841503.0
1669796250.78125,0.88,,,1844068.0
1669796250.796875,1.28,,,1846127.0
1669796250.8125,1.74,,,1848074.0
1669796250.828125,2.22,,,1847896.0
1669796250.84375,2.64,,,1843748.0
1669796250.859375,2.93,,,1838954.0
1669796250.875,3.04,,,1835814.0
1669796250.890625,2.93,,,1833577.0
1669796250.90625,2.63,,,1831750.0
1669796250.921875,2.2,,,1830424.0
1669796250.9375,1.68,,,1829346.0
1669796250.953125,1.17,,,1829606.0
1669796250.96875,0.7,,,1829008.0
1669796250.984375,0.31,,,1828961.0
1669796251.0,-0.0,,,1828743.0
1669796251.015625,-0.25,,,1829009.0
1669796251.03125,-0.45,,,1829860.0
1669796251.046875,-0.63,,,1830925.0
1669796251.0625,-0.8,,,1832186.0
1669796251.078125,-0.94,,,1833194.0
1669796251.09375,-1.06,,,1834654.0
1669796251.109375,-1.12,,,1836322.0
1669796251.125,-1.13,,,1837095.0
1669796251.140625,-1.13,,,1826949.0
1669796251.15625,-1.1,,,1823074.0
1669796251.171875,-1.07,,,1826638.0
1669796251.1875,-1.03,,,1831787.0
1669796251.203125,-0.98,,,1838320.0
1669796251.21875,-0.94,,,1845260.0
1669796251.234375,-0.95,,,1852152.0
1669796251.25,-1.03,,,1857085.0
1669796251.265625,-1.19,,,1861262.0
1669796251.28125,-1.38,,,1864159.0
1669796251.296875,-1.52,,,1864653.0
1669796251.3125,-1.6,,,1863220.0
1669796251.328125,-1.63,,,1873086.0
1669796251.34375,-1.67,,,1884626.0
1669796251.359375,-1.77,,,1891982.0
1669796251.375,-1.94,,,1900333.0
1669796251.390625,-2.14,,,1907485.0
1669796251.40625,-2.31,,,1913321.0
1669796251.421875,-2.43,,,1917665.0
1669796251.4375,-2.53,,,1922516.0
1669796251.453125,-2.67,,,1927622.0
1669796251.46875,-2.86,,,1933214.0
1669796251.484375,-2.99,,,1938843.0
1669796251.5,-2.93,,,1943608.0
1669796251.515625,-2.59,,,1948946.0
1669796251.53125,-2.03,,,1953540.0
1669796251.546875,-1.44,,,1958456.0
1669796251.5625,-1.05,,,1962874.0
1669796251.578125,-1.03,,,1967282.0
1669796251.59375,-1.33,,,1971138.0
1669796251.609375,-1.78,,,1974579.0
1669796251.625,-2.11,,,1978932.0
1669796251.640625,-2.16,,,1982442.0
1669796251.65625,-1.86,,,1986575.0
1669796251.671875,-1.3,,,1991097.0
1669796251.6875,-0.59,,,1997431.0
1669796251.703125,0.17,,,2003528.0
1669796251.71875,0.96,,,2010565.0
1669796251.734375,1.76,,,2014245.0
1669796251.75,2.53,,,2021089.0
1669796251.765625,3.18,,,2019463.0
1669796251.78125,3.59,,,2024067.0
1669796251.796875,3.74,,,2027282.0
1669796251.8125,3.67,,,2027891.0
1669796251.828125,3.51,,,2028219.0
1669796251.84375,3.35,,,2030292.0
1669796251.859375,3.27,,,2033356.0
1669796251.875,3.23,,,2036350.0
1669796251.890625,3.1,,,2039840.0
1669796251.90625,2.81,,,2042647.0
1669796251.921875,2.29,,,2042016.0
1669796251.9375,1.59,,,2042800.0
1669796251.953125,0.78,,,2042196.0
1669796251.96875,-0.04,,,2043486.0
1669796251.984375,-0.83,,,2043757.0
1669796252.0,-1.54,,,2044805.0
1669796252.015625,-2.11,,,2044670.0
1669796252.03125,-2.48,,,2045780.0
1669796252.046875,-2.61,,,2045270.0
1669796252.0625,-2.46,,,2045701.0
1669796252.078125,-2.1,,,2045058.0
1669796252.09375,-1.64,,,2050195.0
1669796252.109375,-1.16,,,2054055.0
1669796252.125,-0.75,,,2054965.0
1669796252.140625,-0.4,,,2056022.0
1669796252.15625,-0.1,,,2052242.0
1669796252.171875,0.14,,,2057829.0
1669796252.1875,0.26,,,2056782.0
1669796252.203125,0.21,,,2052663.0
1669796252.21875,-0.04,,,2049982.0
1669796252.234375,-0.47,,,2056916.0
1669796252.25,-1.01,,,2047908.0
1669796252.265625,-1.57,,,2058180.0
1669796252.28125,-2.07,,,2071898.0
1669796252.296875,-2.44,,,2075824.0
1669796252.3125,-2.59,,,2072780.0
1669796252.328125,-2.44,,,2079439.0
1669796252.34375,-2.0,,,2080882.0
1669796252.359375,-1.37,,,2076685.0
1669796252.375,-0.74,,,2070852.0
1669796252.390625,-0.35,,,2067671.0
1669796252.40625,-0.32,,,2062826.0
1669796252.421875,-0.63,,,2057821.0
1669796252.4375,-1.1,,,2054946.0
1669796252.453125,-1.52,,,2052798.0
1669796252.46875,-1.75,,,2051692.0
1669796252.484375,-1.8,,,2051813.0
1669796252.5,-1.7,,,2054302.0
1669796252.515625,-1.52,,,2059265.0
1669796252.53125,-1.22,,,2068083.0
1669796252.546875,-0.7,,,2077361.0
1669796252.5625,0.06,,,2081759.0
1669796252.578125,0.94,,,2085951.0
1669796252.59375,1.7,,,2089036.0
1669796252.609375,2.11,,,2093428.0
1669796252.625,2.08,,,2093584.0
1669796252.640625,1.68,,,2093105.0
1669796252.65625,1.16,,,2093152.0
1669796252.671875,0.73,,,2094699.0
1669796252.6875,0.52,,,2078143.0
1669796252.703125,0.48,,,2086447.0
1669796252.71875,0.48,,,2060698.0
1669796252.734375,0.46,,,2069280.0
1669796252.75,0.4,,,2052633.0
1669796252.765625,0.4,,,2046525.0
1669796252.78125,0.55,,,2041430.0
1669796252.796875,0.86,,,2036937.0
1669796252.8125,1.24,,,2032510.0
1669796252.828125,1.56,,,2028398.0
1669796252.84375,1.71,,,2024851.0
1669796252.859375,1.7,,,2021145.0
1669796252.875,1.61,,,2018918.0
1669796252.890625,1.52,,,2016651.0
1669796252.90625,1.47,,,2014557.0
1669796252.921875,1.43,,,2012823.0
1669796252.9375,1.33,,,2011288.0
1669796252.953125,1.14,,,2009602.0
1669796252.96875,0.91,,,2008327.0
1669796252.984375,0.71,,,2007027.0
1669796253.0,0.61,,,2005953.0
1669796253.015625,0.62,,,2004597.0
1669796253.03125,0.7,,,2005070.0
1669796253.046875,0.79,,,2003575.0
1669796253.0625,0.86,,,2004360.0
1669796253.078125,0.95,,,2003404.0
1669796253.09375,1.12,,,2003097.0
1669796253.109375,1.41,,,2002232.0
1669796253.125,1.78,,,1997305.0
1669796253.140625,2.17,,,1990740.0
1669796253.15625,2.51,,,1985241.0
1669796253.171875,2.73,,,1981166.0
1669796253.1875,2.81,,,1977826.0
1669796253.203125,2.76,,,1974875.0
1669796253.21875,2.61,,,1972100.0
1669796253.234375,2.44,,,1968922.0
1669796253.25,2.3,,,1965250.0
1669796253.265625,2.27,,,1962025.0
1669796253.28125,2.35,,,1959508.0
1669796253.296875,2.5,,,1957565.0
1669796253.3125,2.63,,,1956461.0
1669796253.328125,2.67,,,1955738.0
1669796253.34375,2.6,,,1955485.0
1669796253.359375,2.45,,,1955298.0
1669796253.375,2.26,,,1969093.0
1669796253.390625,2.03,,,1977189.0
1669796253.40625,1.73,,,1985835.0
1669796253.421875,1.3,,,2006812.0
1669796253.4375,0.75,,,2018743.0
1669796253.453125,0.21,,,2038616.0
1669796253.46875,-0.16,,,2062771.0
1669796253.484375,-0.29,,,2086705.0
1669796253.5,-0.25,,,2098589.0
1669796253.515625,-0.26,,,2091617.0
1669796253.53125,-0.52,,,2087675.0
1669796253.546875,-1.17,,,2078027.0
1669796253.5625,-2.14,,,2068954.0
1669796253.578125,-3.18,,,2060929.0
1669796253.59375,-4.0,,,2050102.0
1669796253.609375,-4.36,,,2042248.0
1669796253.625,-4.23,,,2037189.0
1669796253.640625,-3.69,,,2029242.0
1669796253.65625,-2.95,,,2017565.0
1669796253.671875,-2.22,,,2005226.0
1669796253.6875,-1.68,,,1997756.0
1669796253.703125,-1.39,,,1990143.0
1669796253.71875,-1.29,,,1981021.0
1669796253.734375,-1.22,,,1972857.0
1669796253.75,-0.94,,,1967353.0
1669796253.765625,-0.19,,,1964436.0
1669796253.78125,1.24,,,1963961.0
1669796253.796875,3.5,,,1963171.0
1669796253.8125,6.7,,,1959840.0
1669796253.828125,10.81,,,1946866.0
1669796253.84375,15.66,,,1938697.0
1669796253.859375,20.9,,,1936706.0
1669796253.875,26.02,,,1934437.0
1669796253.890625,30.48,,,1932135.0
1669796253.90625,33.88,,,1936845.0
1669796253.921875,36.04,,,1946888.0
1669796253.9375,36.93,,,1953320.0
1669796253.953125,36.66,,,1959066.0
1669796253.96875,35.37,,,1962552.0
1669796253.984375,33.26,,,1961605.0
1669796254.0,30.7,,,1966847.0
1669796254.015625,28.19,,,1962928.0
1669796254.03125,26.37,,,1965851.0
1669796254.046875,25.77,,,1972832.0
1669796254.0625,26.61,,,1992869.0
1669796254.078125,28.64,,,2003095.0
1669796254.09375,31.2,,,2002098.0
1669796254.109375,33.38,,,1999556.0
1669796254.125,34.34,,,1990171.0
1669796254.140625,33.64,,,1976213.0
1669796254.15625,31.37,,,1962174.0
1669796254.171875,28.1,,,1954166.0
1669796254.1875,24.66,,,1947502.0
1669796254.203125,21.78,,,1941837.0
1669796254.21875,19.75,,,1937264.0
1669796254.234375,18.17,,,1933927.0
1669796254.25,16.0,,,1933236.0
1669796254.265625,11.99,,,1934778.0
1669796254.28125,5.24,,,1940095.0
1669796254.296875,-4.22,,,1952500.0
1669796254.3125,-15.3,,,1962651.0
1669796254.328125,-25.99,,,1963551.0
1669796254.34375,-34.19,,,1956389.0
1669796254.359375,-38.54,,,1945072.0
1669796254.375,-38.97,,,1928323.0
1669796254.390625,-36.79,,,1927103.0
1669796254.40625,-34.06,,,1932034.0
1669796254.421875,-32.78,,,1935442.0
1669796254.4375,-34.13,,,1939600.0
1669796254.453125,-38.17,,,1941078.0
1669796254.46875,-43.94,,,1940842.0
1669796254.484375,-49.81,,,1938184.0
1669796254.5,-53.91,,,1937573.0
1669796254.515625,-54.37,,,1938548.0
1669796254.53125,-49.68,,,1938562.0
1669796254.546875,-39.02,,,1937467.0
1669796254.5625,-22.76,,,1944627.0
1669796254.578125,-2.5,,,1948589.0
1669796254.59375,19.14,,,1957045.0
1669796254.609375,39.2,,,1963572.0
1669796254.625,55.24,,,1973884.0
1669796254.640625,65.92,,,1985007.0
1669796254.65625,71.06,,,1989058.0
1669796254.671875,71.3,,,1998904.0
1669796254.6875,67.61,,,1998972.0
1669796254.703125,60.95,,,1992246.0
1669796254.71875,52.34,,,1982594.0
1669796254.734375,43.02,,,1976974.0
1669796254.75,34.69,,,1975208.0
1669796254.765625,29.29,,,1974681.0
1669796254.78125,28.4,,,1972558.0
1669796254.796875,32.43,,,1971913.0
1669796254.8125,39.98,,,1971874.0
1669796254.828125,47.97,,,1971588.0
1669796254.84375,52.56,,,1971719.0
1669796254.859375,50.83,,,1972603.0
1669796254.875,42.05,,,1972796.0
1669796254.890625,28.28,,,1970222.0
1669796254.90625,13.39,,,1965616.0
1669796254.921875,1.16,,,1961026.0
1669796254.9375,-6.6,,,1956438.0
1669796254.953125,-10.78,,,1952896.0
1669796254.96875,-14.18,,,1949073.0
1669796254.984375,-19.67,,,1945987.0
1669796255.0,-28.37,,,1943986.0
1669796255.015625,-39.05,,,1942517.0
1669796255.03125,-49.03,,,1941660.0
1669796255.046875,-55.85,,,1939910.0
1669796255.0625,-58.73,,,1938668.0
1669796255.078125,-58.92,,,1937653.0
1669796255.09375,-58.74,,,1936790.0
1669796255.109375,-60.21,,,1935793.0
1669796255.125,-63.9,,,1936165.0
1669796255.140625,-68.86,,,1935688.0
1669796255.15625,-73.31,,,1935521.0
1669796255.171875,-75.83,,,1935675.0
1669796255.1875,-76.03,,,1935764.0
1669796255.203125,-74.66,,,1935982.0
1669796255.21875,-73.06,,,1936115.0
1669796255.234375,-72.47,,,1936508.0
1669796255.25,-73.52,,,1936952.0
1669796255.265625,-76.15,,,1938002.0
1669796255.28125,-79.78,,,1938943.0
1669796255.296875,-83.63,,,1939690.0
1669796255.3125,-87.02,,,1940509.0
1669796255.328125,-89.59,,,1940929.0
1669796255.34375,-91.39,,,1937471.0
1669796255.359375,-92.79,,,1933202.0
1669796255.375,-94.36,,,1929380.0
1669796255.390625,-96.63,,,1926644.0
1669796255.40625,-99.84,,,1923683.0
1669796255.421875,-103.85,,,1921363.0
1669796255.4375,-108.0,,,1919571.0
1669796255.453125,-111.14,,,1918159.0
1669796255.46875,-111.81,,,1916886.0
1669796255.484375,-108.38,,,1915304.0
1669796255.5,-99.51,,,1914120.0
1669796255.515625,-84.64,,,1913375.0
1669796255.53125,-64.38,,,1912984.0
1669796255.546875,-40.71,,,1912407.0
1669796255.5625,-16.4,,,1912814.0
1669796255.578125,5.7,,,1912952.0
1669796255.59375,23.62,,,1913611.0
1669796255.609375,36.75,,,1914287.0
1669796255.625,45.67,,,1914993.0
1669796255.640625,51.58,,,1915375.0
1669796255.65625,55.52,,,1916547.0
1669796255.671875,58.03,,,1917181.0
1669796255.6875,59.2,,,1918292.0
1669796255.703125,59.06,,,1919433.0
1669796255.71875,57.84,,,1920663.0
1669796255.734375,56.02,,,1922020.0
1669796255.75,53.97,,,1923487.0
1669796255.765625,51.64,,,1924825.0
1669796255.78125,48.29,,,1926462.0
1669796255.796875,42.75,,,1926128.0
1669796255.8125,33.8,,,1922739.0
1669796255.828125,20.74,,,1919200.0
1669796255.84375,3.74,,,1916531.0
1669796255.859375,-16.19,,,1914588.0
1669796255.875,-37.51,,,1913191.0
1669796255.890625,-58.73,,,1911605.0
1669796255.90625,-78.8,,,1911050.0
1669796255.921875,-97.44,,,1910646.0
1669796255.9375,-115.0,,,1910482.0
1669796255.953125,-132.07,,,1909850.0
1669796255.96875,-149.05,,,1909701.0
1669796255.984375,-165.75,,,1909826.0
1669796256.0,-181.38,,,1910207.0
1669796256.015625,-194.58,,,1911007.0
1669796256.03125,-203.73,,,1911596.0
1669796256.046875,-207.2,,,1912585.0
1669796256.0625,-203.64,,,1913525.0
1669796256.078125,-192.33,,,1914793.0
1669796256.09375,-173.55,,,1916055.0
1669796256.109375,-148.76,,,1917429.0
1669796256.125,-120.45,,,1918710.0
1669796256.140625,-91.64,,,1920281.0
1669796256.15625,-65.08,,,1921775.0
1669796256.171875,-42.58,,,1923494.0
1669796256.1875,-24.65,,,1924812.0
1669796256.203125,-10.73,,,1926753.0
1669796256.21875,0.28,,,1928182.0
1669796256.234375,9.48,,,1930013.0
1669796256.25,17.57,,,1931662.0
1669796256.265625,24.96,,,1930920.0
1669796256.28125,31.9,,,1928324.0
1669796256.296875,38.73,,,1925521.0
1669796256.3125,45.79,,,1924093.0
1669796256.328125,53.24,,,1923391.0
1669796256.34375,60.91,,,1922487.0
1669796256.359375,68.31,,,1922299.0
1669796256.375,74.81,,,1922348.0
1669796256.390625,79.92,,,1922542.0
1669796256.40625,83.57,,,1922309.0
1669796256.421875,86.04,,,1922118.0
1669796256.4375,87.96,,,1922582.0
1669796256.453125,89.96,,,1923185.0
1669796256.46875,92.42,,,1923933.0
1669796256.484375,95.38,,,1925119.0
1669796256.5,98.48,,,1925924.0
1669796256.515625,101.15,,,1927179.0
1669796256.53125,102.88,,,1928482.0
1669796256.546875,103.39,,,1929641.0
1669796256.5625,102.72,,,1930725.0
1669796256.578125,101.21,,,1932098.0
1669796256.59375,99.26,,,1933617.0
1669796256.609375,97.2,,,1935009.0
1669796256.625,95.1,,,1936423.0
1669796256.640625,92.91,,,1938254.0
1669796256.65625,90.48,,,1939616.0
1669796256.671875,87.74,,,1941366.0
1669796256.6875,84.74,,,1943208.0
1669796256.703125,81.63,,,1944666.0
1669796256.71875,78.49,,,1945120.0
1669796256.734375,75.21,,,1943270.0
1669796256.75,71.55,,,1940162.0
1669796256.765625,67.16,,,1937986.0
1669796256.78125,61.79,,,1936763.0
1669796256.796875,55.45,,,1935647.0
1669796256.8125,48.44,,,1934797.0
1669796256.828125,41.29,,,1934189.0
1669796256.84375,34.53,,,1933950.0
1669796256.859375,28.49,,,1934249.0
1669796256.875,23.14,,,1933371.0
1669796256.890625,18.16,,,1933304.0
1669796256.90625,13.07,,,1933318.0
1669796256.921875,7.41,,,1933642.0
1669796256.9375,0.97,,,1934200.0
1669796256.953125,-6.15,,,1934969.0
1669796256.96875,-13.6,,,1935812.0
1669796256.984375,-20.87,,,1936628.0
1669796257.0,-27.53,,,1937743.0
1669796257.015625,-33.41,,,1938537.0
1669796257.03125,-38.73,,,1939726.0
1669796257.046875,-44.07,,,1940827.0
1669796257.0625,-50.32,,,1941766.0
1669796257.078125,-58.39,,,1943243.0
1669796257.09375,-68.83,,,1944350.0
1669796257.109375,-81.39,,,1946039.0
1669796257.125,-94.7,,,1947203.0
1669796257.140625,-106.31,,,1948266.0
1669796257.15625,-113.18,,,1949582.0
1669796257.171875,-112.58,,,1950425.0
1669796257.1875,-103.04,,,1950931.0
1669796257.203125,-84.93,,,1951094.0
1669796257.21875,-60.49,,,1948278.0
1669796257.234375,-33.26,,,1944117.0
1669796257.25,-7.03,,,1940801.0
1669796257.265625,15.15,,,1938573.0
1669796257.28125,31.63,,,1930327.0
1669796257.296875,42.31,,,1921469.0
1669796257.3125,48.24,,,1914095.0
1669796257.328125,50.92,,,1910524.0
1669796257.34375,51.72,,,1911009.0
1669796257.359375,51.54,,,1917071.0
1669796257.375,50.76,,,1926717.0
1669796257.390625,49.55,,,1936479.0
1669796257.40625,48.09,,,1945880.0
1669796257.421875,46.7,,,1956195.0
1669796257.4375,45.84,,,1965554.0
1669796257.453125,45.87,,,1977659.0
1669796257.46875,46.86,,,1988659.0
1669796257.484375,48.56,,,1998397.0
1669796257.5,50.59,,,2007100.0
1669796257.515625,52.67,,,2013954.0
1669796257.53125,54.75,,,2019197.0
1669796257.546875,56.98,,,2023369.0
1669796257.5625,59.51,,,2028236.0
1669796257.578125,62.26,,,2033865.0
1669796257.59375,64.92,,,2039488.0
1669796257.609375,66.99,,,2046311.0
1669796257.625,67.97,,,2052531.0
1669796257.640625,67.6,,,2059744.0
1669796257.65625,65.9,,,2066843.0
1669796257.671875,63.15,,,2072706.0
1669796257.6875,59.81,,,2077499.0
1669796257.703125,56.38,,,2079733.0
1669796257.71875,53.24,,,2083334.0
1669796257.734375,50.59,,,2088557.0
1669796257.75,48.3,,,2093724.0
1669796257.765625,46.01,,,2099138.0
1669796257.78125,43.22,,,2104647.0
1669796257.796875,39.5,,,2110611.0
1669796257.8125,34.7,,,2116249.0
1669796257.828125,29.06,,,2121323.0
1669796257.84375,23.13,,,2126604.0
1669796257.859375,17.56,,,2131400.0
1669796257.875,12.76,,,2136001.0
1669796257.890625,8.73,,,2140868.0
1669796257.90625,5.02,,,2145937.0
1669796257.921875,0.93,,,2150162.0
1669796257.9375,-4.18,,,2154410.0
1669796257.953125,-10.58,,,2157403.0
1669796257.96875,-18.13,,,2161055.0
1669796257.984375,-26.3,,,2164669.0
1669796258.0,-34.42,,,2167166.0
1669796258.015625,-42.02,,,2169960.0
1669796258.03125,-48.86,,,2172563.0
1669796258.046875,-55.13,,,2176289.0
1669796258.0625,-61.29,,,2178981.0
1669796258.078125,-68.07,,,2181537.0
1669796258.09375,-76.29,,,2183689.0
1669796258.109375,-86.69,,,2185503.0
1669796258.125,-99.58,,,2187807.0
1669796258.140625,-114.27,,,2190073.0
1669796258.15625,-128.97,,,2192271.0
1669796258.171875,-140.76,,,2193722.0
1669796258.1875,-146.47,,,2192400.0
1669796258.203125,-143.61,,,2191932.0
1669796258.21875,-131.36,,,2192657.0
1669796258.234375,-110.94,,,2192931.0
1669796258.25,-85.25,,,2193332.0
1669796258.265625,-57.9,,,2194073.0
1669796258.28125,-32.06,,,2195334.0
1669796258.296875,-9.83,,,2197574.0
1669796258.3125,8.05,,,2199951.0
1669796258.328125,21.84,,,2201751.0
1669796258.34375,32.31,,,2203454.0
1669796258.359375,40.38,,,2204735.0
1669796258.375,46.79,,,2205960.0
1669796258.390625,52.17,,,2207586.0
1669796258.40625,56.85,,,2208941.0
1669796258.421875,60.99,,,2210950.0
1669796258.4375,64.56,,,2212888.0
1669796258.453125,67.42,,,2215173.0
1669796258.46875,69.46,,,2216700.0
1669796258.484375,70.68,,,2218447.0
1669796258.5,71.17,,,2219905.0
1669796258.515625,71.14,,,2221894.0
1669796258.53125,70.9,,,2224057.0
1669796258.546875,70.81,,,2226488.0
1669796258.5625,71.25,,,2226780.0
1669796258.578125,72.46,,,2228797.0
1669796258.59375,74.43,,,2231539.0
1669796258.609375,76.81,,,2234061.0
1669796258.625,78.98,,,2236135.0
1669796258.640625,80.31,,,2236280.0
1669796258.65625,80.42,,,2232146.0
1669796258.671875,79.33,,,2228817.0
1669796258.6875,77.38,,,2227346.0
1669796258.703125,74.95,,,2227057.0
1669796258.71875,72.28,,,2227107.0
1669796258.734375,69.25,,,2227043.0
1669796258.75,65.58,,,2227476.0
1669796258.765625,61.03,,,2227851.0
1669796258.78125,55.62,,,2227738.0
1669796258.796875,49.7,,,2228205.0
1669796258.8125,43.75,,,2228472.0
1669796258.828125,38.22,,,2229204.0
1669796258.84375,33.29,,,2229944.0
1669796258.859375,28.86,,,2231000.0
1669796258.875,24.58,,,2231904.0
1669796258.890625,20.04,,,2232834.0
1669796258.90625,14.94,,,
1669796258.921875,9.24,,,
1669796258.9375,3.17,,,
1669796258.953125,-2.76,,,
1669796258.96875,-7.95,,,
1669796258.984375,-11.95,,,
1669796259.0,-14.66,,,
1669796259.015625,-16.47,,,
1669796259.03125,-18.17,,,
1669796259.046875,-20.6,,,
1669796259.0625,-24.33,,,
1669796259.078125,-29.41,,,
1669796259.09375,-35.37,,,
1669796259.109375,-41.53,,,
1669796259.125,-47.35,,,
1669796259.140625,-52.78,,,
1669796259.15625,-58.33,,,
1669796259.171875,-64.87,,,
1669796259.1875,-73.39,,,
1669796259.203125,-84.54,,,
1669796259.21875,-98.4,,,
1669796259.234375,-114.1,,,
1669796259.25,-129.76,,,
1669796259.265625,-142.58,,,
1669796259.28125,-149.38,,,
1669796259.296875,-147.44,,,
1669796259.3125,-135.44,,,
1669796259.328125,-114.03,,,
1669796259.34375,-85.8,,,
1669796259.359375,-54.53,,,
1669796259.375,-24.1,,,
1669796259.390625,2.51,,,
1669796259.40625,23.78,,,
1669796259.421875,39.55,,,
1669796259.4375,50.59,,,
1669796259.453125,58.04,,,
1669796259.46875,63.07,,,
1669796259.484375,66.66,,,
1669796259.5,69.57,,,
1669796259.515625,72.29,,,
1669796259.53125,75.0,,,
1669796259.546875,77.52,,,
1669796259.5625,79.51,,,
1669796259.578125,80.58,,,
1669796259.59375,80.52,,,
1669796259.609375,79.48,,,
1669796259.625,77.94,,,
1669796259.640625,76.55,,,
1669796259.65625,75.94,,,
1669796259.671875,76.53,,,
1669796259.6875,78.33,,,
1669796259.703125,81.01,,,
1669796259.71875,83.93,,,
1669796259.734375,86.35,,,
1669796259.75,87.58,,,
1669796259.765625,87.2,,,
1669796259.78125,85.15,,,
1669796259.796875,81.74,,,
1669796259.8125,77.6,,,
1669796259.828125,73.45,,,
1669796259.84375,69.81,,,
1669796259.859375,66.89,,,
1669796259.875,64.46,,,
1669796259.890625,62.0,,,
1669796259.90625,58.98,,,
1669796259.921875,55.07,,,
1669796259.9375,50.41,,,
1669796259.953125,45.45,,,
1669796259.96875,40.87,,,
1669796259.984375,37.19,,,
1669796260.0,34.66,,,
1669796260.015625,33.09,,,
1669796260.03125,32.04,,,
1669796260.046875,30.93,,,
1669796260.0625,29.32,,,
1669796260.078125,27.03,,,
1669796260.09375,24.24,,,
1669796260.109375,21.36,,,
1669796260.125,18.83,,,
1669796260.140625,16.92,,,
1669796260.15625,15.48,,,
1669796260.171875,13.91,,,
1669796260.1875,11.3,,,
1669796260.203125,6.73,,,
1669796260.21875,-0.33,,,
1669796260.234375,-9.82,,,
1669796260.25,-21.13,,,
1669796260.265625,-33.27,,,
1669796260.28125,-45.32,,,
1669796260.296875,-56.73,,,
1669796260.3125,-67.42,,,
1669796260.328125,-77.79,,,
1669796260.34375,-88.47,,,
1669796260.359375,-100.16,,,
1669796260.375,-113.43,,,
1669796260.390625,-128.45,,,
1669796260.40625,-144.57,,,
1669796260.421875,-160.06,,,
1669796260.4375,-172.11,,,
1669796260.453125,-177.43,,,
1669796260.46875,-173.27,,,
1669796260.484375,-158.61,,,
1669796260.5,-134.71,,,
1669796260.515625,-104.9,,,
1669796260.53125,-73.54,,,
1669796260.546875,-44.53,,,
1669796260.5625,-20.35,,,
1669796260.578125,-1.71,,,
1669796260.59375,12.01,,,
1669796260.609375,22.0,,,
1669796260.625,29.37,,,
1669796260.640625,34.9,,,
1669796260.65625,39.17,,,
1669796260.671875,42.69,,,
1669796260.6875,45.97,,,
1669796260.703125,49.38,,,
1669796260.71875,53.06,,,
1669796260.734375,56.85,,,
1669796260.75,60.39,,,
1669796260.765625,63.28,,,
1669796260.78125,65.25,,,
1669796260.796875,66.21,,,
1669796260.8125,66.34,,,
1669796260.828125,66.0,,,
1669796260.84375,65.66,,,
1669796260.859375,65.74,,,
1669796260.875,66.37,,,
1669796260.890625,67.39,,,
1669796260.90625,68.29,,,
1669796260.921875,68.53,,,
1669796260.9375,67.73,,,
1669796260.953125,65.85,,,
1669796260.96875,63.21,,,
1669796260.984375,60.3,,,
1669796261.0,57.5,,,
1669796261.015625,54.94,,,
1669796261.03125,52.47,,,
1669796261.046875,49.77,,,
1669796261.0625,46.6,,,
1669796261.078125,42.88,,,
1669796261.09375,38.75,,,
1669796261.109375,34.54,,,
1669796261.125,30.56,,,
1669796261.140625,27.09,,,
1669796261.15625,24.18,,,
1669796261.171875,21.69,,,
1669796261.1875,19.3,,,
1669796261.203125,16.59,,,
1669796261.21875,13.22,,,
1669796261.234375,9.05,,,
1669796261.25,4.22,,,
1669796261.265625,-0.89,,,
1669796261.28125,-5.79,,,
1669796261.296875,-10.11,,,
1669796261.3125,-13.77,,,
1669796261.328125,-17.06,,,
1669796261.34375,-20.57,,,
1669796261.359375,-24.94,,,
1669796261.375,-30.67,,,
1669796261.390625,-37.81,,,
1669796261.40625,-46.06,,,
1669796261.421875,-54.8,,,
1669796261.4375,-63.33,,,
1669796261.453125,-71.15,,,
1669796261.46875,-78.1,,,
1669796261.484375,-84.44,,,
1669796261.5,-90.85,,,
1669796261.515625,-98.29,,,
1669796261.53125,-107.71,,,
1669796261.546875,-119.61,,,
1669796261.5625,-133.47,,,
1669796261.578125,-147.45,,,
1669796261.59375,-158.49,,,
1669796261.609375,-163.1,,,
1669796261.625,-158.4,,,
1669796261.640625,-143.25,,,
1669796261.65625,-118.76,,,
1669796261.671875,-88.02,,,
1669796261.6875,-55.14,,,
1669796261.703125,-24.0,,,
1669796261.71875,2.71,,,
1669796261.734375,23.85,,,
1669796261.75,39.58,,,
1669796261.765625,50.82,,,
1669796261.78125,58.71,,,
1669796261.796875,64.31,,,
1669796261.8125,68.47,,,
1669796261.828125,71.84,,,
1669796261.84375,74.86,,,
1669796261.859375,77.73,,,
1669796261.875,80.37,,,
1669796261.890625,82.56,,,
1669796261.90625,84.03,,,
1669796261.921875,84.63,,,
1669796261.9375,84.42,,,
1669796261.953125,83.73,,,
1669796261.96875,83.01,,,
1669796261.984375,82.77,,,
1669796262.0,83.31,,,
1669796262.015625,84.64,,,
1669796262.03125,86.39,,,
1669796262.046875,87.93,,,
1669796262.0625,88.55,,,
1669796262.078125,87.73,,,
1669796262.09375,85.33,,,
1669796262.109375,81.58,,,
1669796262.125,76.97,,,
1669796262.140625,72.03,,,
1669796262.15625,67.17,,,
1669796262.171875,62.58,,,
1669796262.1875,58.27,,,
1669796262.203125,54.15,,,
1669796262.21875,50.1,,,
1669796262.234375,46.02,,,
1669796262.25,41.85,,,
1669796262.265625,37.56,,,
1669796262.28125,33.19,,,
1669796262.296875,28.85,,,
1669796262.3125,24.71,,,
1669796262.328125,20.92,,,
1669796262.34375,17.59,,,
1669796262.359375,14.69,,,
1669796262.375,12.06,,,
1669796262.390625,9.4,,,
1669796262.40625,6.42,,,
1669796262.421875,2.83,,,
1669796262.4375,-1.41,,,
1669796262.453125,-6.15,,,
1669796262.46875,-11.01,,,
1669796262.484375,-15.6,,,
1669796262.5,-19.72,,,
1669796262.515625,-23.47,,,
1669796262.53125,-27.29,,,
1669796262.546875,-31.74,,,
1669796262.5625,-37.31,,,
1669796262.578125,-44.15,,,
1669796262.59375,-51.97,,,
1669796262.609375,-60.18,,,
1669796262.625,-68.05,,,
1669796262.640625,-75.07,,,
1669796262.65625,-81.11,,,
1669796262.671875,-86.48,,,
1669796262.6875,-91.91,,,
1669796262.703125,-98.44,,,
1669796262.71875,-107.03,,,
1669796262.734375,-118.26,,,
1669796262.75,-131.79,,,
1669796262.765625,-145.97,,,
1669796262.78125,-157.93,,,
1669796262.796875,-164.11,,,
1669796262.8125,-161.34,,,
1669796262.828125,-147.99,,,
1669796262.84375,-124.63,,,
1669796262.859375,-94.05,,,
1669796262.875,-60.37,,,
1669796262.890625,-27.8,,,
1669796262.90625,0.48,,,
1669796262.921875,22.87,,,
1669796262.9375,39.25,,,
1669796262.953125,50.46,,,
1669796262.96875,57.71,,,
1669796262.984375,62.19,,,
1669796263.0,64.96,,,
1669796263.015625,66.9,,,
1669796263.03125,68.69,,,
1669796263.046875,70.68,,,
1669796263.0625,72.9,,,
1669796263.078125,75.06,,,
1669796263.09375,76.69,,,
1669796263.109375,77.48,,,
1669796263.125,77.38,,,
1669796263.140625,76.73,,,
1669796263.15625,76.08,,,
1669796263.171875,76.0,,,
1669796263.1875,76.82,,,
1669796263.203125,78.52,,,
1669796263.21875,80.77,,,
1669796263.234375,83.02,,,
1669796263.25,84.68,,,
1669796263.265625,85.28,,,
1669796263.28125,84.53,,,
1669796263.296875,82.32,,,
1669796263.3125,78.84,,,
1669796263.328125,74.45,,,
1669796263.34375,69.65,,,
1669796263.359375,64.98,,,
1669796263.375,60.82,,,
1669796263.390625,57.26,,,
1669796263.40625,54.13,,,
1669796263.421875,51.08,,,
1669796263.4375,47.77,,,
1669796263.453125,44.02,,,
1669796263.46875,39.87,,,
1669796263.484375,35.54,,,
1669796263.5,31.35,,,
1669796263.515625,27.57,,,
1669796263.53125,24.34,,,
1669796263.546875,21.68,,,
1669796263.5625,19.41,,,
1669796263.578125,17.28,,,
1669796263.59375,14.93,,,
1669796263.609375,12.03,,,
1669796263.625,8.37,,,
1669796263.640625,3.91,,,
1669796263.65625,-1.16,,,
1669796263.671875,-6.52,,,
1669796263.6875,-11.89,,,
1669796263.703125,-17.14,,,
1669796263.71875,-22.4,,,
1669796263.734375,-28.01,,,
1669796263.75,-34.34,,,
1669796263.765625,-41.61,,,
1669796263.78125,-49.69,,,
1669796263.796875,-58.17,,,
1669796263.8125,-66.44,,,
1669796263.828125,-73.92,,,
1669796263.84375,-80.29,,,
1669796263.859375,-85.58,,,
1669796263.875,-90.23,,,
1669796263.890625,-95.02,,,
1669796263.90625,-100.96,,,
1669796263.921875,-109.01,,,
1669796263.9375,-119.63,,,
1669796263.953125,-132.28,,,
1669796263.96875,-145.08,,,
1669796263.984375,-154.98,,,
1669796264.0,-158.4,,,
1669796264.015625,-152.49,,,
1669796264.03125,-136.11,,,
1669796264.046875,-110.49,,,
1669796264.0625,-78.85,,,
1669796264.078125,-45.45,,,
1669796264.09375,-14.27,,,
1669796264.109375,12.0,,,
1669796264.125,32.27,,,
1669796264.140625,46.78,,,
1669796264.15625,56.5,,,
1669796264.171875,62.63,,,
1669796264.1875,66.2,,,
1669796264.203125,68.11,,,
1669796264.21875,69.06,,,
1669796264.234375,69.58,,,
1669796264.25,69.92,,,
1669796264.265625,70.13,,,
1669796264.28125,70.02,,,
1669796264.296875,69.39,,,
1669796264.3125,68.11,,,
1669796264.328125,66.32,,,
1669796264.34375,64.36,,,
1669796264.359375,62.7,,,
1669796264.375,61.85,,,
1669796264.390625,62.1,,,
1669796264.40625,63.46,,,
1669796264.421875,65.53,,,
1669796264.4375,67.63,,,
1669796264.453125,68.95,,,
1669796264.46875,68.88,,,
1669796264.484375,67.18,,,
1669796264.5,64.06,,,
1669796264.515625,60.08,,,
1669796264.53125,55.85,,,
1669796264.546875,51.81,,,
1669796264.5625,48.07,,,
1669796264.578125,44.47,,,
1669796264.59375,40.69,,,
1669796264.609375,36.49,,,
1669796264.625,31.8,,,
1669796264.640625,26.77,,,
1669796264.65625,21.73,,,
1669796264.671875,17.02,,,
1669796264.6875,12.94,,,
1669796264.703125,9.56,,,
1669796264.71875,6.7,,,
1669796264.734375,3.96,,,
1669796264.75,0.87,,,
1669796264.765625,-2.91,,,
1669796264.78125,-7.42,,,
1669796264.796875,-12.32,,,
1669796264.8125,-17.07,,,
1669796264.828125,-21.22,,,
1669796264.84375,-24.68,,,
1669796264.859375,-27.77,,,
1669796264.875,-31.17,,,
1669796264.890625,-35.53,,,
1669796264.90625,-41.2,,,
1669796264.921875,-48.05,,,
1669796264.9375,-55.51,,,
1669796264.953125,-62.87,,,
1669796264.96875,-69.47,,,
1669796264.984375,-75.02,,,
1669796265.0,-79.63,,,
1669796265.015625,-83.82,,,
1669796265.03125,-88.49,,,
1669796265.046875,-94.67,,,
1669796265.0625,-103.24,,,
1669796265.078125,-114.41,,,
1669796265.09375,-127.22,,,
1669796265.109375,-139.27,,,
1669796265.125,-147.21,,,
1669796265.140625,-147.54,,,
1669796265.15625,-137.96,,,
1669796265.171875,-118.26,,,
1669796265.1875,-90.58,,,
1669796265.203125,-58.7,,,
1669796265.21875,-26.84,,,
1669796265.234375,1.58,,,
1669796265.25,24.72,,,
1669796265.265625,42.11,,,
1669796265.28125,54.29,,,
1669796265.296875,62.06,,,
1669796265.3125,66.2,,,
1669796265.328125,67.41,,,
1669796265.34375,66.48,,,
1669796265.359375,64.36,,,
1669796265.375,62.11,,,
1669796265.390625,60.66,,,
1669796265.40625,60.59,,,
1669796265.421875,62.07,,,
1669796265.4375,64.91,,,
1669796265.453125,68.73,,,
1669796265.46875,73.15,,,
1669796265.484375,77.96,,,
1669796265.5,83.2,,,
1669796265.515625,89.03,,,
1669796265.53125,95.57,,,
1669796265.546875,102.64,,,
1669796265.5625,109.62,,,
1669796265.578125,115.5,,,
1669796265.59375,119.18,,,
1669796265.609375,119.88,,,
1669796265.625,117.54,,,
1669796265.640625,112.86,,,
1669796265.65625,107.19,,,
1669796265.671875,102.15,,,
1669796265.6875,99.25,,,
1669796265.703125,99.57,,,
1669796265.71875,103.41,,,
1669796265.734375,109.95,,,
1669796265.75,117.07,,,
1669796265.765625,121.45,,,
1669796265.78125,119.46,,,
1669796265.796875,108.24,,,
1669796265.8125,86.99,,,
1669796265.828125,57.4,,,
1669796265.84375,23.24,,,
1669796265.859375,-11.08,,,
1669796265.875,-42.14,,,
1669796265.890625,-68.46,,,
1669796265.90625,-90.53,,,
1669796265.921875,-109.83,,,
1669796265.9375,-127.65,,,
1669796265.953125,-144.29,,,
1669796265.96875,-159.06,,,
1669796265.984375,-171.01,,,
1669796266.0,-179.61,,,
1669796266.015625,-185.15,,,
1669796266.03125,-188.58,,,
1669796266.046875,-191.02,,,
1669796266.0625,-193.22,,,
1669796266.078125,-195.31,,,
1669796266.09375,-196.97,,,
1669796266.109375,-197.69,,,
1669796266.125,-197.2,,,
1669796266.140625,-195.64,,,
1669796266.15625,-193.57,,,
1669796266.171875,-191.82,,,
1669796266.1875,-191.26,,,
1669796266.203125,-192.64,,,
1669796266.21875,-196.5,,,
1669796266.234375,-203.05,,,
1669796266.25,-211.95,,,
1669796266.265625,-221.93,,,
1669796266.28125,-230.6,,,
1669796266.296875,-234.68,,,
1669796266.3125,-230.6,,,
1669796266.328125,-215.65,,,
1669796266.34375,-188.95,,,
1669796266.359375,-152.03,,,
1669796266.375,-108.48,,,
1669796266.390625,-63.02,,,
1669796266.40625,-20.27,,,
1669796266.421875,16.29,,,
1669796266.4375,44.79,,,
1669796266.453125,64.96,,,
1669796266.46875,77.74,,,
1669796266.484375,84.8,,,
1669796266.5,88.16,,,
1669796266.515625,89.8,,,
1669796266.53125,91.34,,,
1669796266.546875,93.82,,,
1669796266.5625,97.63,,,
1669796266.578125,102.59,,,
1669796266.59375,108.19,,,
1669796266.609375,113.82,,,
1669796266.625,118.99,,,
1669796266.640625,123.41,,,
1669796266.65625,127.01,,,
1669796266.671875,129.91,,,
1669796266.6875,132.26,,,
1669796266.703125,134.18,,,
1669796266.71875,135.64,,,
1669796266.734375,136.45,,,
1669796266.75,136.31,,,
1669796266.765625,134.94,,,
1669796266.78125,132.24,,,
1669796266.796875,128.34,,,
1669796266.8125,123.54,,,
1669796266.828125,118.23,,,
1669796266.84375,112.7,,,
1669796266.859375,107.14,,,
1669796266.875,101.6,,,
1669796266.890625,96.05,,,
1669796266.90625,90.39,,,
1669796266.921875,84.57,,,
1669796266.9375,78.57,,,
1669796266.953125,72.47,,,
1669796266.96875,66.5,,,
1669796266.984375,60.91,,,
1669796267.0,55.94,,,
1669796267.015625,51.71,,,
1669796267.03125,48.11,,,
1669796267.046875,44.92,,,
1669796267.0625,41.83,,,
1669796267.078125,38.57,,,
1669796267.09375,34.96,,,
1669796267.109375,30.89,,,
1669796267.125,26.29,,,
1669796267.140625,21.15,,,
1669796267.15625,15.52,,,
1669796267.171875,9.61,,,
1669796267.1875,3.7,,,
1669796267.203125,-1.91,,,
1669796267.21875,-7.11,,,
1669796267.234375,-12.02,,,
1669796267.25,-17.06,,,
1669796267.265625,-22.81,,,
1669796267.28125,-29.79,,,
1669796267.296875,-38.28,,,
1669796267.3125,-48.2,,,
1669796267.328125,-59.12,,,
1669796267.34375,-70.37,,,
1669796267.359375,-81.28,,,
1669796267.375,-91.34,,,
1669796267.390625,-100.37,,,
1669796267.40625,-108.62,,,
1669796267.421875,-116.7,,,
1669796267.4375,-125.43,,,
1669796267.453125,-135.47,,,
1669796267.46875,-146.77,,,
1669796267.484375,-158.19,,,
1669796267.5,-167.31,,,
1669796267.515625,-170.91,,,
1669796267.53125,-165.99,,,
1669796267.546875,-150.84,,,
1669796267.5625,-125.93,,,
1669796267.578125,-93.9,,,
1669796267.59375,-58.81,,,
1669796267.609375,-24.9,,,
1669796267.625,4.62,,,
1669796267.640625,28.13,,,
1669796267.65625,45.53,,,
1669796267.671875,57.66,,,
1669796267.6875,65.74,,,
1669796267.703125,70.89,,,
1669796267.71875,74.01,,,
1669796267.734375,75.83,,,
1669796267.75,76.9,,,
1669796267.765625,77.57,,,
1669796267.78125,77.94,,,
1669796267.796875,77.91,,,
1669796267.8125,77.32,,,
1669796267.828125,76.09,,,
1669796267.84375,74.4,,,
1669796267.859375,72.63,,,
1669796267.875,71.36,,,
1669796267.890625,71.07,,,
1669796267.90625,72.05,,,
1669796267.921875,74.23,,,
1669796267.9375,77.18,,,
1669796267.953125,80.27,,,
1669796267.96875,82.76,,,
1669796267.984375,84.07,,,
1669796268.0,83.84,,,
1669796268.015625,82.02,,,
1669796268.03125,78.77,,,
1669796268.046875,74.38,,,
1669796268.0625,69.12,,,
1669796268.078125,63.24,,,
1669796268.09375,56.95,,,
1669796268.109375,50.44,,,
1669796268.125,43.93,,,
1669796268.140625,37.63,,,
1669796268.15625,31.69,,,
1669796268.171875,26.14,,,
1669796268.1875,20.79,,,
1669796268.203125,15.37,,,
1669796268.21875,9.6,,,
1669796268.234375,3.37,,,
1669796268.25,-3.14,,,
1669796268.265625,-9.54,,,
1669796268.28125,-15.43,,,
1669796268.296875,-20.62,,,
1669796268.3125,-25.26,,,
1669796268.328125,-29.89,,,
1669796268.34375,-35.11,,,
1669796268.359375,-41.35,,,
1669796268.375,-48.6,,,
1669796268.390625,-56.43,,,
1669796268.40625,-64.15,,,
1669796268.421875,-71.14,,,
1669796268.4375,-77.15,,,
1669796268.453125,-82.36,,,
1669796268.46875,-87.45,,,
1669796268.484375,-93.42,,,
1669796268.5,-101.36,,,
1669796268.515625,-112.12,,,
1669796268.53125,-125.76,,,
1669796268.546875,-141.04,,,
1669796268.5625,-155.16,,,
1669796268.578125,-164.11,,,
1669796268.59375,-163.66,,,
1669796268.609375,-150.74,,,
1669796268.625,-124.69,,,
1669796268.640625,-87.7,,,
1669796268.65625,-44.34,,,
1669796268.671875,-0.24,,,
1669796268.6875,39.56,,,
1669796268.703125,71.79,,,
1669796268.71875,95.43,,,
1669796268.734375,111.35,,,
1669796268.75,121.48,,,
1669796268.765625,127.92,,,
1669796268.78125,132.32,,,
1669796268.796875,135.63,,,
1669796268.8125,138.21,,,
1669796268.828125,140.01,,,
1669796268.84375,140.86,,,
1669796268.859375,140.54,,,
1669796268.875,138.77,,,
1669796268.890625,135.23,,,
1669796268.90625,129.6,,,
1669796268.921875,121.76,,,
1669796268.9375,112.04,,,
1669796268.953125,101.36,,,
1669796268.96875,91.06,,,
1669796268.984375,82.55,,,
1669796269.0,76.71,,,
1669796269.015625,73.52,,,
1669796269.03125,71.96,,,
1669796269.046875,70.47,,,
1669796269.0625,67.5,,,
1669796269.078125,62.08,,,
1669796269.09375,54.09,,,
1669796269.109375,44.12,,,
1669796269.125,33.2,,,
1669796269.140625,22.41,,,
1669796269.15625,12.72,,,
1669796269.171875,4.78,,,
1669796269.1875,-1.08,,,
1669796269.203125,-5.02,,,
1669796269.21875,-7.64,,,
1669796269.234375,-9.94,,,
1669796269.25,-12.94,,,
1669796269.265625,-17.3,,,
1669796269.28125,-23.05,,,
1669796269.296875,-29.54,,,
1669796269.3125,-35.77,,,
1669796269.328125,-40.73,,,
1669796269.34375,-43.81,,,
1669796269.359375,-44.93,,,
1669796269.375,-44.55,,,
1669796269.390625,-43.53,,,
1669796269.40625,-42.91,,,
1669796269.421875,-43.78,,,
1669796269.4375,-46.96,,,
1669796269.453125,-52.73,,,
1669796269.46875,-60.69,,,
1669796269.484375,-69.75,,,
1669796269.5,-78.46,,,
1669796269.515625,-85.46,,,
1669796269.53125,-90.01,,,
1669796269.546875,-92.18,,,
1669796269.5625,-92.91,,,
1669796269.578125,-93.69,,,
1669796269.59375,-96.1,,,
1669796269.609375,-101.28,,,
1669796269.625,-109.42,,,
1669796269.640625,-119.37,,,
1669796269.65625,-128.64,,,
1669796269.671875,-134.03,,,
1669796269.6875,-132.57,,,
1669796269.703125,-122.77,,,
1669796269.71875,-105.36,,,
1669796269.734375,-83.31,,,
1669796269.75,-60.92,,,
1669796269.765625,-42.4,,,
1669796269.78125,-30.54,,,
1669796269.796875,-26.05,,,
1669796269.8125,-27.71,,,
1669796269.828125,-33.15,,,
1669796269.84375,-39.74,,,
1669796269.859375,-45.2,,,
1669796269.875,-47.9,,,
1669796269.890625,-46.86,,,
1669796269.90625,-41.78,,,
1669796269.921875,-33.0,,,
1669796269.9375,-21.51,,,
1669796269.953125,-8.8,,,
1669796269.96875,3.55,,,
1669796269.984375,14.25,,,
1669796270.0,22.73,,,
1669796270.015625,29.22,,,
1669796270.03125,34.59,,,
1669796270.046875,39.9,,,
1669796270.0625,46.01,,,
1669796270.078125,53.25,,,
1669796270.09375,61.33,,,
1669796270.109375,69.53,,,
1669796270.125,76.98,,,
1669796270.140625,82.92,,,
1669796270.15625,86.98,,,
1669796270.171875,89.15,,,
1669796270.1875,89.75,,,
1669796270.203125,89.23,,,
1669796270.21875,88.02,,,
1669796270.234375,86.42,,,
1669796270.25,84.56,,,
1669796270.265625,82.47,,,
1669796270.28125,80.05,,,
1669796270.296875,77.17,,,
1669796270.3125,73.73,,,
1669796270.328125,69.75,,,
1669796270.34375,65.41,,,
1669796270.359375,61.02,,,
1669796270.375,56.86,,,
1669796270.390625,53.06,,,
1669796270.40625,49.46,,,
1669796270.421875,45.55,,,
1669796270.4375,40.67,,,
1669796270.453125,34.28,,,
1669796270.46875,26.19,,,
1669796270.484375,16.63,,,
1669796270.5,6.2,,,
1669796270.515625,-4.55,,,
1669796270.53125,-15.36,,,
1669796270.546875,-26.49,,,
1669796270.5625,-38.62,,,
1669796270.578125,-52.48,,,
1669796270.59375,-68.41,,,
1669796270.609375,-86.05,,,
1669796270.625,-104.38,,,
1669796270.640625,-121.98,,,
1669796270.65625,-137.62,,,
1669796270.671875,-150.66,,,
1669796270.6875,-161.19,,,
1669796270.703125,-169.95,,,
1669796270.71875,-178.12,,,
1669796270.734375,-187.0,,,
1669796270.75,-197.6,,,
1669796270.765625,-210.1,,,
1669796270.78125,-223.35,,,
1669796270.796875,-234.57,,,
1669796270.8125,-239.73,,,
1669796270.828125,-234.63,,,
1669796270.84375,-216.33,,,
1669796270.859375,-184.45,,,
1669796270.875,-141.63,,,
1669796270.890625,-92.85,,,
1669796270.90625,-43.92,,,
1669796270.921875,0.15,,,
1669796270.9375,36.28,,,
1669796270.953125,63.53,,,
1669796270.96875,82.62,,,
1669796270.984375,95.12,,,
1669796271.0,102.8,,,
1669796271.015625,107.3,,,
1669796271.03125,110.01,,,
1669796271.046875,112.02,,,
1669796271.0625,113.99,,,
1669796271.078125,116.15,,,
1669796271.09375,118.2,,,
1669796271.109375,119.61,,,
1669796271.125,119.87,,,
1669796271.140625,118.74,,,
1669796271.15625,116.46,,,
1669796271.171875,113.65,,,
1669796271.1875,111.1,,,
1669796271.203125,109.51,,,
1669796271.21875,109.25,,,
1669796271.234375,110.19,,,
1669796271.25,111.83,,,
1669796271.265625,113.35,,,
1669796271.28125,113.88,,,
1669796271.296875,112.71,,,
1669796271.3125,109.47,,,
1669796271.328125,104.22,,,
1669796271.34375,97.46,,,
1669796271.359375,89.95,,,
1669796271.375,82.44,,,
1669796271.390625,75.49,,,
1669796271.40625,69.26,,,
1669796271.421875,63.54,,,
1669796271.4375,57.95,,,
1669796271.453125,52.11,,,
1669796271.46875,45.86,,,
1669796271.484375,39.26,,,
1669796271.5,32.55,,,
1669796271.515625,26.01,,,
1669796271.53125,19.88,,,
1669796271.546875,14.35,,,
1669796271.5625,9.46,,,
1669796271.578125,5.12,,,
1669796271.59375,1.07,,,
1669796271.609375,-3.1,,,
1669796271.625,-7.84,,,
1669796271.640625,-13.42,,,
1669796271.65625,-19.79,,,
1669796271.671875,-26.53,,,
1669796271.6875,-33.04,,,
1669796271.703125,-38.85,,,
1669796271.71875,-43.87,,,
1669796271.734375,-48.52,,,
1669796271.75,-53.48,,,
1669796271.765625,-59.45,,,
1669796271.78125,-66.78,,,
1669796271.796875,-75.33,,,
1669796271.8125,-84.51,,,
1669796271.828125,-93.54,,,
1669796271.84375,-101.79,,,
1669796271.859375,-108.9,,,
1669796271.875,-115.02,,,
1669796271.890625,-120.75,,,
1669796271.90625,-127.13,,,
1669796271.921875,-135.46,,,
1669796271.9375,-146.83,,,
1669796271.953125,-161.5,,,
1669796271.96875,-178.14,,,
1669796271.984375,-193.6,,,
1669796272.0,-203.35,,,
1669796272.015625,-202.71,,,
1669796272.03125,-188.5,,,
1669796272.046875,-160.33,,,
1669796272.0625,-120.99,,,
1669796272.078125,-75.64,,,
1669796272.09375,-30.2,,,
1669796272.109375,10.3,,,
1669796272.125,42.84,,,
1669796272.140625,66.58,,,
1669796272.15625,82.36,,,
1669796272.171875,91.9,,,
1669796272.1875,97.09,,,
1669796272.203125,99.68,,,
1669796272.21875,101.01,,,
1669796272.234375,102.05,,,
1669796272.25,103.22,,,
1669796272.265625,104.5,,,
1669796272.28125,105.5,,,
1669796272.296875,105.7,,,
1669796272.3125,104.72,,,
1669796272.328125,102.46,,,
1669796272.34375,99.22,,,
1669796272.359375,95.62,,,
1669796272.375,92.44,,,
1669796272.390625,90.39,,,
1669796272.40625,89.9,,,
1669796272.421875,90.93,,,
1669796272.4375,92.91,,,
1669796272.453125,94.9,,,
1669796272.46875,95.87,,,
1669796272.484375,95.04,,,
1669796272.5,92.17,,,
1669796272.515625,87.56,,,
1669796272.53125,81.88,,,
1669796272.546875,75.82,,,
1669796272.5625,69.81,,,
1669796272.578125,63.97,,,
1669796272.59375,58.21,,,
1669796272.609375,52.41,,,
1669796272.625,46.55,,,
1669796272.640625,40.72,,,
1669796272.65625,35.04,,,
1669796272.671875,29.53,,,
1669796272.6875,24.14,,,
1669796272.703125,18.87,,,
1669796272.71875,13.76,,,
1669796272.734375,9.05,,,
1669796272.75,4.9,,,
1669796272.765625,1.34,,,
1669796272.78125,-1.91,,,
1669796272.796875,-5.37,,,
1669796272.8125,-9.59,,,
1669796272.828125,-14.85,,,
1669796272.84375,-20.97,,,
1669796272.859375,-27.38,,,
1669796272.875,-33.33,,,
1669796272.890625,-38.3,,,
1669796272.90625,-42.23,,,
1669796272.921875,-45.65,,,
1669796272.9375,-49.45,,,
1669796272.953125,-54.53,,,
1669796272.96875,-61.42,,,
1669796272.984375,-70.03,,,
1669796273.0,-79.62,,,
1669796273.015625,-89.13,,,
1669796273.03125,-97.59,,,
1669796273.046875,-104.46,,,
1669796273.0625,-109.88,,,
1669796273.078125,-114.62,,,
1669796273.09375,-119.9,,,
1669796273.109375,-127.11,,,
1669796273.125,-137.31,,,
1669796273.140625,-150.75,,,
1669796273.15625,-166.28,,,
1669796273.171875,-181.11,,,
1669796273.1875,-191.14,,,
1669796273.203125,-191.91,,,
1669796273.21875,-180.08,,,
1669796273.234375,-154.66,,,
1669796273.25,-117.71,,,
1669796273.265625,-73.8,,,
1669796273.28125,-28.71,,,
1669796273.296875,12.28,,,
1669796273.3125,45.66,,,
1669796273.328125,70.13,,,
1669796273.34375,86.27,,,
1669796273.359375,95.68,,,
1669796273.375,100.24,,,
1669796273.390625,101.58,,,
1669796273.40625,100.94,,,
1669796273.421875,99.25,,,
1669796273.4375,97.13,,,
1669796273.453125,95.01,,,
1669796273.46875,93.07,,,
1669796273.484375,91.27,,,
1669796273.5,89.48,,,
1669796273.515625,87.55,,,
1669796273.53125,85.5,,,
1669796273.546875,83.59,,,
1669796273.5625,82.25,,,
1669796273.578125,81.91,,,
1669796273.59375,82.83,,,
1669796273.609375,84.88,,,
1669796273.625,87.51,,,
1669796273.640625,89.86,,,
1669796273.65625,90.98,,,
1669796273.671875,90.19,,,
1669796273.6875,87.21,,,
1669796273.703125,82.26,,,
1669796273.71875,75.93,,,
1669796273.734375,69.01,,,
1669796273.75,62.2,,,
1669796273.765625,55.93,,,
1669796273.78125,50.34,,,
1669796273.796875,45.24,,,
1669796273.8125,40.31,,,
1669796273.828125,35.23,,,
1669796273.84375,29.82,,,
1669796273.859375,24.15,,,
1669796273.875,18.47,,,
1669796273.890625,13.12,,,
1669796273.90625,8.44,,,
1669796273.921875,4.59,,,
1669796273.9375,1.45,,,
1669796273.953125,-1.38,,,
1669796273.96875,-4.46,,,
1669796273.984375,-8.34,,,
1669796274.0,-13.39,,,
1669796274.015625,-19.53,,,
1669796274.03125,-26.32,,,
1669796274.046875,-33.09,,,
1669796274.0625,-39.18,,,
1669796274.078125,-44.27,,,
1669796274.09375,-48.54,,,
1669796274.109375,-52.63,,,
1669796274.125,-57.41,,,
1669796274.140625,-63.62,,,
1669796274.15625,-71.51,,,
1669796274.171875,-80.81,,,
1669796274.1875,-90.69,,,
1669796274.203125,-100.15,,,
1669796274.21875,-108.43,,,
1669796274.234375,-115.25,,,
1669796274.25,-121.05,,,
1669796274.265625,-126.87,,,
1669796274.28125,-134.11,,,
1669796274.296875,-144.14,,,
1669796274.3125,-157.67,,,
1669796274.328125,-174.15,,,
1669796274.34375,-191.3,,,
1669796274.359375,-205.18,,,
1669796274.375,-210.97,,,
1669796274.390625,-204.37,,,
1669796274.40625,-183.17,,,
1669796274.421875,-148.31,,,
1669796274.4375,-103.86,,,
1669796274.453125,-55.79,,,
1669796274.46875,-10.26,,,
1669796274.484375,28.14,,,
1669796274.5,57.22,,,
1669796274.515625,77.14,,,
1669796274.53125,89.55,,,
1669796274.546875,96.62,,,
1669796274.5625,100.37,,,
1669796274.578125,102.36,,,
1669796274.59375,103.73,,,
1669796274.609375,105.2,,,
1669796274.625,107.05,,,
1669796274.640625,109.11,,,
1669796274.65625,110.8,,,
1669796274.671875,111.41,,,
1669796274.6875,110.41,,,
1669796274.703125,107.79,,,
1669796274.71875,104.08,,,
1669796274.734375,100.25,,,
1669796274.75,97.33,,,
1669796274.765625,96.06,,,
1669796274.78125,96.62,,,
1669796274.796875,98.57,,,
1669796274.8125,101.02,,,
1669796274.828125,102.87,,,
1669796274.84375,103.19,,,
1669796274.859375,101.43,,,
1669796274.875,97.52,,,
1669796274.890625,91.91,,,
1669796274.90625,85.32,,,
1669796274.921875,78.47,,,
1669796274.9375,71.94,,,
1669796274.953125,65.92,,,
1669796274.96875,60.33,,,
1669796274.984375,54.87,,,
1669796275.0,49.3,,,
1669796275.015625,43.6,,,
1669796275.03125,37.96,,,
1669796275.046875,32.68,,,
1669796275.0625,27.96,,,
1669796275.078125,23.78,,,
1669796275.09375,19.9,,,
1669796275.109375,15.98,,,
1669796275.125,11.81,,,
1669796275.140625,7.44,,,
1669796275.15625,3.12,,,
1669796275.171875,-0.87,,,
1669796275.1875,-4.41,,,
1669796275.203125,-7.66,,,
1669796275.21875,-11.03,,,
1669796275.234375,-14.91,,,
1669796275.25,-19.55,,,
1669796275.265625,-24.84,,,
1669796275.28125,-30.43,,,
1669796275.296875,-35.84,,,
1669796275.3125,-40.8,,,
1669796275.328125,-45.31,,,
1669796275.34375,-49.71,,,
1669796275.359375,-54.48,,,
1669796275.375,-60.06,,,
1669796275.390625,-66.66,,,
1669796275.40625,-74.19,,,
1669796275.421875,-82.34,,,
1669796275.4375,-90.77,,,
1669796275.453125,-99.27,,,
1669796275.46875,-107.86,,,
1669796275.484375,-116.83,,,
1669796275.5,-126.66,,,
1669796275.515625,-137.94,,,
1669796275.53125,-151.27,,,
1669796275.546875,-167.03,,,
1669796275.5625,-184.96,,,
1669796275.578125,-203.66,,,
1669796275.59375,-220.31,,,
1669796275.609375,-230.85,,,
1669796275.625,-230.98,,,
1669796275.640625,-217.56,,,
1669796275.65625,-189.88,,,
1669796275.671875,-150.29,,,
1669796275.6875,-103.59,,,
1669796275.703125,-55.69,,,
1669796275.71875,-11.83,,,
1669796275.734375,24.6,,,
1669796275.75,52.41,,,
1669796275.765625,72.18,,,
1669796275.78125,85.4,,,
1669796275.796875,93.83,,,
1669796275.8125,99.16,,,
1669796275.828125,102.89,,,
1669796275.84375,106.27,,,
1669796275.859375,110.12,,,
1669796275.875,114.65,,,
1669796275.890625,119.34,,,
1669796275.90625,123.2,,,
1669796275.921875,125.24,,,
1669796275.9375,124.88,,,
1669796275.953125,122.22,,,
1669796275.96875,117.95,,,
1669796275.984375,113.05,,,
1669796276.0,108.43,,,
1669796276.015625,104.64,,,
1669796276.03125,101.79,,,
1669796276.046875,99.61,,,
1669796276.0625,97.57,,,
1669796276.078125,95.06,,,
1669796276.09375,91.6,,,
1669796276.109375,86.95,,,
1669796276.125,81.25,,,
1669796276.140625,74.9,,,
1669796276.15625,68.43,,,
1669796276.171875,62.29,,,
1669796276.1875,56.6,,,
1669796276.203125,51.25,,,
1669796276.21875,45.97,,,
1669796276.234375,40.52,,,
1669796276.25,34.9,,,
1669796276.265625,29.26,,,
1669796276.28125,23.84,,,
1669796276.296875,18.79,,,
1669796276.3125,14.11,,,
1669796276.328125,9.69,,,
1669796276.34375,5.4,,,
1669796276.359375,1.18,,,
1669796276.375,-2.87,,,
1669796276.390625,-6.56,,,
1669796276.40625,-9.69,,,
1669796276.421875,-12.19,,,
1669796276.4375,-14.17,,,
1669796276.453125,-15.96,,,
1669796276.46875,-17.96,,,
1669796276.484375,-20.56,,,
1669796276.5,-23.88,,,
1669796276.515625,-27.75,,,
1669796276.53125,-31.76,,,
1669796276.546875,-35.51,,,
1669796276.5625,-38.87,,,
1669796276.578125,-42.14,,,
1669796276.59375,-45.99,,,
1669796276.609375,-51.25,,,
1669796276.625,-58.48,,,
1669796276.640625,-67.65,,,
1669796276.65625,-78.06,,,
1669796276.671875,-88.59,,,
1669796276.6875,-98.07,,,
1669796276.703125,-105.76,,,
1669796276.71875,-111.59,,,
1669796276.734375,-116.25,,,
1669796276.75,-120.96,,,
1669796276.765625,-127.27,,,
1669796276.78125,-136.51,,,
1669796276.796875,-149.27,,,
1669796276.8125,-164.76,,,
1669796276.828125,-180.41,,,
1669796276.84375,-192.01,,,
1669796276.859375,-194.71,,,
1669796276.875,-184.55,,,
1669796276.890625,-160.0,,,
1669796276.90625,-122.84,,,
1669796276.921875,-77.85,,,
1669796276.9375,-31.28,,,
1669796276.953125,11.05,,,
1669796276.96875,45.31,,,
1669796276.984375,70.24,,,
1669796277.0,86.71,,,
1669796277.015625,96.67,,,
1669796277.03125,102.19,,,
1669796277.046875,104.92,,,
1669796277.0625,106.05,,,
1669796277.078125,106.44,,,
1669796277.09375,106.69,,,
1669796277.109375,107.16,,,
1669796277.125,107.83,,,
1669796277.140625,108.36,,,
1669796277.15625,108.28,,,
1669796277.171875,107.27,,,
1669796277.1875,105.35,,,
1669796277.203125,102.99,,,
1669796277.21875,100.87,,,
1669796277.234375,99.68,,,
1669796277.25,99.79,,,
1669796277.265625,101.12,,,
1669796277.28125,103.15,,,
1669796277.296875,105.06,,,
1669796277.3125,105.94,,,
1669796277.328125,105.06,,,
1669796277.34375,102.07,,,
1669796277.359375,97.06,,,
1669796277.375,90.52,,,
1669796277.390625,83.19,,,
1669796277.40625,75.77,,,
1669796277.421875,68.76,,,
1669796277.4375,62.29,,,
1669796277.453125,56.18,,,
1669796277.46875,50.14,,,
1669796277.484375,43.99,,,
1669796277.5,37.79,,,
1669796277.515625,31.88,,,
1669796277.53125,26.65,,,
1669796277.546875,22.31,,,
1669796277.5625,18.78,,,
1669796277.578125,15.7,,,
1669796277.59375,12.6,,,
1669796277.609375,9.19,,,
1669796277.625,5.47,,,
1669796277.640625,1.69,,,
1669796277.65625,-1.8,,,
1669796277.671875,-4.85,,,
1669796277.6875,-7.61,,,
1669796277.703125,-10.5,,,
1669796277.71875,-14.05,,,
1669796277.734375,-18.61,,,
1669796277.75,-24.15,,,
1669796277.765625,-30.26,,,
1669796277.78125,-36.3,,,
1669796277.796875,-41.74,,,
1669796277.8125,-46.44,,,
1669796277.828125,-50.73,,,
1669796277.84375,-55.36,,,
1669796277.859375,-61.1,,,
1669796277.875,-68.42,,,
1669796277.890625,-77.2,,,
1669796277.90625,-86.74,,,
1669796277.921875,-96.05,,,
1669796277.9375,-104.24,,,
1669796277.953125,-110.9,,,
1669796277.96875,-116.26,,,
1669796277.984375,-121.12,,,
1669796278.0,-126.65,,,
1669796278.015625,-134.1,,,
1669796278.03125,-144.48,,,
1669796278.046875,-158.03,,,
1669796278.0625,-173.65,,,
1669796278.078125,-188.57,,,
1669796278.09375,-198.53,,,
1669796278.109375,-198.82,,,
1669796278.125,-185.8,,,
1669796278.140625,-158.47,,,
1669796278.15625,-119.16,,,
1669796278.171875,-73.02,,,
1669796278.1875,-26.41,,,
1669796278.203125,15.04,,,
1669796278.21875,47.85,,,
1669796278.234375,71.14,,,
1669796278.25,85.96,,,
1669796278.265625,94.26,,,
1669796278.28125,98.03,,,
1669796278.296875,98.85,,,
1669796278.3125,97.97,,,
1669796278.328125,96.41,,,
1669796278.34375,95.02,,,
1669796278.359375,94.35,,,
1669796278.375,94.47,,,
1669796278.390625,95.07,,,
1669796278.40625,95.62,,,
1669796278.421875,95.68,,,
1669796278.4375,95.16,,,
1669796278.453125,94.3,,,
1669796278.46875,93.64,,,
1669796278.484375,93.64,,,
1669796278.5,94.56,,,
1669796278.515625,96.22,,,
1669796278.53125,98.06,,,
1669796278.546875,99.28,,,
1669796278.5625,99.13,,,
1669796278.578125,97.16,,,
1669796278.59375,93.32,,,
1669796278.609375,87.97,,,
1669796278.625,81.65,,,
1669796278.640625,74.89,,,
1669796278.65625,68.01,,,
